"col_index","col_name"
1,"Covidence #"
2,"Study ID"
3,"Title...3"
4,"Reviewer Name"
5,"Study_ID"
6,"Title...6"
7,"Study_country"
8,"Publication_year"
9,"Notes"
10,"Study_aim"
11,"Study_design"
12,"Start_date_study"
13,"End_date_study"
14,"Study_setting"
15,"Healthcare_facility_type"
16,"General_notes_methods"
17,"Population_admitting_ward"
18,"Patients_total-number_included"
19,"Isolates_total-number_included"
20,"Study_population_description_additional"
21,"BSI_suspected-source"
22,"Infection_origin"
23,"Bacterial-isolate_type"
24,"AMR_mechanism_1"
25,"AMR_mechanism_2"
26,"General notes_AMR"
27,"Outcome_measure_repoted"
28,"Comparative_Model(s)_Description"
29,"Proxy_indicator_type-analysis"
30,"Multivariate analysis_specification"
31,"Comparison_population"
32,"General notes - if any...48"
33,"resistant_group definition_1"
34,"resistant_group variable_1"
35,"resistant_group mean_1"
36,"resistant_group SD_1"
37,"resistant_group median_1"
38,"resistant_group IQR_1"
39,"resistant_group p-value_1"
40,"resistant_group notes_1"
41,"susceptible_comparator_group definition_1"
42,"susceptible_comparator_group variable_1"
43,"susceptible_comparator_group mean_1"
44,"susceptible_comparator_group SD_1"
45,"susceptible_comparator_group median_1"
46,"susceptible_comparator_group IQR_1"
47,"susceptible_comparator_group notes_1"
48,"total definition_1"
49,"total variable_1"
50,"total mean_1"
51,"total SD_1"
52,"total median_1"
53,"total IQR_1"
54,"total notes_1"
55,"resistant_group definition_2"
56,"resistant_group variable_2"
57,"resistant_group mean_2"
58,"resistant_group SD_2"
59,"resistant_group median_2"
60,"resistant_group IQR_2"
61,"resistant_group p-value_2"
62,"resistant_group notes_2"
63,"susceptible_comparator_group definition_2"
64,"susceptible_comparator_group variable_2"
65,"susceptible_comparator_group mean_2"
66,"susceptible_comparator_group SD_2"
67,"susceptible_comparator_group median_2"
68,"susceptible_comparator_group IQR_2"
69,"susceptible_comparator_group notes_2"
70,"total definition_2"
71,"total variable_2"
72,"total mean_2"
73,"total SD_2"
74,"total median_2"
75,"total IQR_2"
76,"total notes_2"
77,"resistant_group definition_3"
78,"resistant_group variable_3"
79,"resistant_group mean_3"
80,"resistant_group SD_3"
81,"resistant_group median_3"
82,"resistant_group IQR_3"
83,"resistant_group p-value_3"
84,"resistant_group notes_3"
85,"susceptible_comparator_group definition_3"
86,"susceptible_comparator_group variable_3"
87,"susceptible_comparator_group mean_3"
88,"susceptible_comparator_group SD_3"
89,"susceptible_comparator_group median_3"
90,"susceptible_comparator_group IQR_3"
91,"susceptible_comparator_group notes_3"
92,"total definition_3"
93,"total variable_3"
94,"total mean_3"
95,"total SD_3"
96,"total median_3"
97,"total IQR_3"
98,"resistant_group definition_4"
99,"resistant_group variable_4"
100,"resistant_group mean_4"
101,"resistant_group SD_4"
102,"resistant_group median_4"
103,"resistant_group IQR_4"
104,"resistant_group p-value_4"
105,"resistant_group note_4"
106,"susceptible_comparator_group definition_4"
107,"susceptible_comparator_group variable_4"
108,"susceptible_comparator_group mean_4"
109,"susceptible_comparator_group SD_4"
110,"susceptible_comparator_group median_4"
111,"susceptible_comparator_group IQR_4"
112,"susceptible_comparator_group note_4"
113,"total definition_4"
114,"total variable_4"
115,"total mean_4"
116,"total SD_4"
117,"total median_4"
118,"total IQR_4"
119,"total note_4"
120,"resistant_group definition_5"
121,"resistant_group variable_5"
122,"resistant_group mean_5"
123,"resistant_group SD_5"
124,"resistant_group median_5"
125,"resistant_group IQR_5"
126,"resistant_group p-value_5"
127,"resistant_group note_5"
128,"susceptible_comparator_group definition_5"
129,"susceptible_comparator_group variable_5"
130,"susceptible_comparator_group mean_5"
131,"susceptible_comparator_group SD_5"
132,"susceptible_comparator_group median_5"
133,"susceptible_comparator_group IQR_5"
134,"total definition_5"
135,"total variable_5"
136,"total mean_5"
137,"total SD_5"
138,"total median_5"
139,"total IQR_5"
140,"total note_5"
141,"resistant_group definition_6"
142,"resistant_group variable_6"
143,"resistant_group mean_6"
144,"resistant_group SD_6"
145,"resistant_group median_6"
146,"resistant_group IQR_6"
147,"resistant_group p-value_6"
148,"resistant_group notes_6"
149,"susceptible_comparator_group definition_6"
150,"susceptible_comparator_group variable_6"
151,"susceptible_comparator_group mean_6"
152,"susceptible_comparator_group SD_6"
153,"susceptible_comparator_group median_6"
154,"susceptible_comparator_group IQR_6"
155,"susceptible_comparator_group notes_6"
156,"total definition_6"
157,"total variable_6"
158,"total mean_6"
159,"total SD_6"
160,"resistant_group definition_7"
161,"resistant_group variable_7"
162,"resistant_group mean_7"
163,"resistant_group SD_7"
164,"resistant_group median_7"
165,"resistant_group IQR_7"
166,"resistant_group p-value_7"
167,"resistant_group notes_7"
168,"susceptible_comparator_group definition_7"
169,"susceptible_comparator_group variable_7"
170,"susceptible_comparator_group mean_7"
171,"susceptible_comparator_group SD_7"
172,"susceptible_comparator_group median_7"
173,"susceptible_comparator_group IQR_7"
174,"susceptible_comparator_group notes_7"
175,"total definition_7"
176,"total variable_7"
177,"total median_7"
178,"total IQR_7"
179,"resistant_group definition_8"
180,"resistant_group variable_8"
181,"resistant_group mean_8"
182,"resistant_group SD_8"
183,"resistant_group median_8"
184,"resistant_group IQR_8"
185,"resistant_group p-value_8"
186,"resistant_group notes_8"
187,"susceptible_comparator_group definition_8"
188,"susceptible_comparator_group variable_8"
189,"susceptible_comparator_group mean_8"
190,"susceptible_comparator_group SD_8"
191,"susceptible_comparator_group median_8"
192,"susceptible_comparator_group IQR_8"
193,"total definition_8"
194,"total variable_8"
195,"total mean_8"
196,"total SD_8"
197,"resistant_group definition_9"
198,"resistant_group variable_9"
199,"resistant_group mean_9"
200,"resistant_group SD_9"
201,"resistant_group median_9"
202,"resistant_group IQR_9"
203,"resistant_group p-value_9"
204,"resistant_group notes_9"
205,"susceptible_comparator_group definition_9"
206,"susceptible_comparator_group variable_9"
207,"susceptible_comparator_group mean_9"
208,"susceptible_comparator_group SD_9"
209,"susceptible_comparator_group median_9"
210,"susceptible_comparator_group IQR_9"
211,"susceptible_comparator_group notes_9"
212,"total definition_9"
213,"total variable_9"
214,"total median_9"
215,"total IQR_9"
216,"resistant_group definition_10"
217,"resistant_group variable_10"
218,"resistant_group mean_10"
219,"resistant_group SD_10"
220,"resistant_group median_10"
221,"resistant_group IQR_10"
222,"resistant_group p-value_10"
223,"resistant_group notes_10"
224,"susceptible_comparator_group definition_10"
225,"susceptible_comparator_group variable_10"
226,"susceptible_comparator_group mean_10"
227,"susceptible_comparator_group SD_10"
228,"susceptible_comparator_group median_10"
229,"susceptible_comparator_group IQR_10"
230,"susceptible_comparator_group notes_10"
231,"total definition_10"
232,"total variable_10"
233,"total median_10"
234,"total IQR_10"
235,"resistant_group definition_11"
236,"resistant_group variable_11"
237,"resistant_group mean_11"
238,"resistant_group SD_11"
239,"resistant_group median_11"
240,"resistant_group IQR_11"
241,"resistant_group p-value_11"
242,"resistant_group notes_11"
243,"susceptible_comparator_group definition_11"
244,"susceptible_comparator_group variable_11"
245,"susceptible_comparator_group mean_11"
246,"susceptible_comparator_group SD_11"
247,"susceptible_comparator_group median_11"
248,"susceptible_comparator_group IQR_11"
249,"total definition_11"
250,"total variable_11"
251,"total mean_11"
252,"total SD_11"
253,"resistant_group definition_12"
254,"resistant_group variable_12"
255,"resistant_group mean_12"
256,"resistant_group SD_12"
257,"resistant_group median_12"
258,"resistant_group IQR_12"
259,"resistant_group p-value_12"
260,"resistant_group notes_12"
261,"susceptible_comparator_group definition_12"
262,"susceptible_comparator_group variable_12"
263,"susceptible_comparator_group mean_12"
264,"susceptible_comparator_group SD_12"
265,"susceptible_comparator_group median_12"
266,"susceptible_comparator_group IQR_12"
267,"total definition_12"
268,"total variable_12"
269,"total median_12"
270,"total IQR_12"
271,"resistant_group definition_13"
272,"resistant_group variable_13"
273,"resistant_group mean_13"
274,"resistant_group SD_13"
275,"resistant_group median_13"
276,"resistant_group IQR_13"
277,"resistant_group p-value_13"
278,"resistant_group notes_13"
279,"susceptible_comparator_group definition_13"
280,"susceptible_comparator_group variable_13"
281,"susceptible_comparator_group mean_13"
282,"susceptible_comparator_group SD_13"
283,"susceptible_comparator_group median_13"
284,"susceptible_comparator_group IQR_13"
285,"total definition_13"
286,"total variable_13"
287,"total median_13"
288,"total IQR_13"
289,"resistant_group definition_14"
290,"resistant_group variable_14"
291,"resistant_group mean_14"
292,"resistant_group SD_14"
293,"resistant_group median_14"
294,"resistant_group IQR_14"
295,"resistant_group p-value_14"
296,"resistant_group notes_14"
297,"susceptible_comparator_group definition_14"
298,"susceptible_comparator_group variable_14"
299,"susceptible_comparator_group mean_14"
300,"susceptible_comparator_group SD_14"
301,"susceptible_comparator_group median_14"
302,"susceptible_comparator_group IQR_14"
303,"total definition_14"
304,"total variable_14"
305,"total median_14"
306,"total IQR_14"
307,"resistant_group definition_15"
308,"resistant_group variable_15"
309,"resistant_group mean_15"
310,"resistant_group SD_15"
311,"resistant_group median_15"
312,"resistant_group IQR_15"
313,"resistant_group p-value_15"
314,"resistant_group notes_15"
315,"susceptible_comparator_group definition_15"
316,"susceptible_comparator_group variable_15"
317,"susceptible_comparator_group mean_15"
318,"susceptible_comparator_group SD_15"
319,"susceptible_comparator_group median_15"
320,"susceptible_comparator_group IQR_15"
321,"total definition_15"
322,"total variable_15"
323,"total median_15"
324,"total IQR_15"
325,"resistant_group definition_16"
326,"resistant_group variable_16"
327,"resistant_group mean_16"
328,"resistant_group SD_16"
329,"resistant_group median_16"
330,"resistant_group IQR_16"
331,"resistant_group p-value_16"
332,"susceptible_comparator_group definition_16"
333,"susceptible_comparator_group variable_16"
334,"susceptible_comparator_group mean_16"
335,"susceptible_comparator_group SD_16"
336,"susceptible_comparator_group median_16"
337,"susceptible_comparator_group IQR_16"
338,"total definition_16"
339,"total variable_16"
340,"total median_16"
341,"total IQR_16"
342,"resistant_group definition_17"
343,"resistant_group variable_17"
344,"resistant_group mean_17"
345,"resistant_group median_17"
346,"resistant_group IQR_17"
347,"resistant_group p-value_17"
348,"resistant_group notes_17"
349,"susceptible_comparator_group definition_17"
350,"susceptible_comparator_group variable_17"
351,"susceptible_comparator_group mean_17"
352,"susceptible_comparator_group median_17"
353,"susceptible_comparator_group IQR_17"
354,"total definition_17"
355,"total variable_17"
356,"total median_17"
357,"total IQR_17"
358,"resistant_group definition_18"
359,"resistant_group variable_18"
360,"resistant_group mean_18"
361,"resistant_group median_18"
362,"resistant_group IQR_18"
363,"resistant_group p-value_18"
364,"resistant_group notes_18"
365,"susceptible_comparator_group definition_18"
366,"susceptible_comparator_group variable_18"
367,"susceptible_comparator_group mean_18"
368,"susceptible_comparator_group median_18"
369,"susceptible_comparator_group IQR_18"
370,"total definition_18"
371,"total variable_18"
372,"total median_18"
373,"total IQR_18"
374,"resistant_group definition_19"
375,"resistant_group variable_19"
376,"resistant_group mean_19"
377,"resistant_group median_19"
378,"resistant_group IQR_19"
379,"resistant_group p-value_19"
380,"resistant_group notes_19"
381,"susceptible_comparator_group definition_19"
382,"susceptible_comparator_group variable_19"
383,"susceptible_comparator_group mean_19"
384,"susceptible_comparator_group median_19"
385,"susceptible_comparator_group IQR_19"
386,"total definition_19"
387,"total variable_19"
388,"total median_19"
389,"total IQR_19"
390,"resistant_group definition_20"
391,"resistant_group variable_20"
392,"resistant_group mean_20"
393,"resistant_group median_20"
394,"resistant_group IQR_20"
395,"resistant_group p-value_20"
396,"resistant_group notes_20"
397,"susceptible_comparator_group definition_20"
398,"susceptible_comparator_group variable_20"
399,"susceptible_comparator_group mean_20"
400,"susceptible_comparator_group median_20"
401,"susceptible_comparator_group IQR_20"
402,"total definition_20"
403,"total variable_20"
404,"total median_20"
405,"total IQR_20"
406,"Number_1 Variable_description"
407,"Number_1 Resistant_group_definition"
408,"Number_1 Resistant_group_value"
409,"Number_1 Susceptible_comparator_group_definition"
410,"Number_1 Susceptible_comparator_group_value"
411,"Number_1 Total"
412,"Number_1 p-value"
413,"Number_1 note"
414,"Proportion_1 Variable_description"
415,"Proportion_1 Resistant_group_definition"
416,"Proportion_1 Resistant_group_value"
417,"Proportion_1 Susceptible_comparator_group_definition"
418,"Proportion_1 Susceptible_comparator_group_value"
419,"Proportion_1 Total"
420,"Proportion_1 p-value"
421,"Proportion_1 note"
422,"95%CI_1 Variable_description"
423,"95%CI_1 Resistant_group_definition"
424,"95%CI_1 Resistant_group_value"
425,"95%CI_1 note"
426,"Number_2 Variable_description"
427,"Number_2 Resistant_group_definition"
428,"Number_2 Resistant_group_value"
429,"Number_2 Susceptible_comparator_group_definition"
430,"Number_2 Susceptible_comparator_group_value"
431,"Number_2 Total"
432,"Number_2 p-value"
433,"Number_2 note"
434,"Proportion_2 Variable_description"
435,"Proportion_2 Resistant_group_definition"
436,"Proportion_2 Resistant_group_value"
437,"Proportion_2 Susceptible_comparator_group_definition"
438,"Proportion_2 Susceptible_comparator_group_value"
439,"Proportion_2 Total"
440,"Proportion_2 p-value"
441,"Proportion_2 note"
442,"95%CI_2 Variable_description"
443,"95%CI_2 Resistant_group_definition"
444,"95%CI_2 Resistant_group_value"
445,"Number_3 Variable_description"
446,"Number_3 Resistant_group_definition"
447,"Number_3 Resistant_group_value"
448,"Number_3 Susceptible_comparator_group_definition"
449,"Number_3 Susceptible_comparator_group_value"
450,"Number_3 Total"
451,"Number_3 p-value"
452,"Number_3 note"
453,"Proportion_3 Variable_description"
454,"Proportion_3 Resistant_group_definition"
455,"Proportion_3 Resistant_group_value"
456,"Proportion_3 Susceptible_comparator_group_definition"
457,"Proportion_3 Susceptible_comparator_group_value"
458,"Proportion_3 Total"
459,"Proportion_3 p-value"
460,"Proportion_3 note"
461,"95%CI_3 Variable_description"
462,"95%CI_3 Resistant_group_definition"
463,"95%CI_3 Resistant_group_value"
464,"95%CI_3 Susceptible_comparator_group_definition"
465,"95%CI_3 Susceptible_comparator_group_value"
466,"95%CI_3 Total"
467,"Number_4 Variable_description"
468,"Number_4 Resistant_group_definition"
469,"Number_4 Resistant_group_value"
470,"Number_4 Susceptible_comparator_group_definition"
471,"Number_4 Susceptible_comparator_group_value"
472,"Number_4 Total"
473,"Number_4 p-value"
474,"Number_4 note"
475,"Proportion_4 Variable_description"
476,"Proportion_4 Resistant_group_definition"
477,"Proportion_4 Resistant_group_value"
478,"Proportion_4 Susceptible_comparator_group_definition"
479,"Proportion_4 Susceptible_comparator_group_value"
480,"Proportion_4 Total"
481,"Proportion_4 p-value"
482,"Proportion_4 note"
483,"95%CI_4 Variable_description"
484,"95%CI_4 Resistant_group_definition"
485,"95%CI_4 Resistant_group_value"
486,"95%CI_4 Susceptible_comparator_group_definition"
487,"95%CI_4 Susceptible_comparator_group_value"
488,"95%CI_4 Total"
489,"Number_5 Variable_description"
490,"Number_5 Resistant_group_definition"
491,"Number_5 Resistant_group_value"
492,"Number_5 Susceptible_comparator_group_definition"
493,"Number_5 Susceptible_comparator_group_value"
494,"Number_5 Total"
495,"Number_5 p-value"
496,"Number_5 note"
497,"Proportion_5 Variable_description"
498,"Proportion_5 Resistant_group_definition"
499,"Proportion_5 Resistant_group_value"
500,"Proportion_5 Susceptible_comparator_group_definition"
501,"Proportion_5 Susceptible_comparator_group_value"
502,"Proportion_5 Total"
503,"Proportion_5 p-value"
504,"Proportion_5 note"
505,"95%CI_5 Variable_description"
506,"95%CI_5 Resistant_group_definition"
507,"95%CI_5 Resistant_group_value"
508,"95%CI_5 Susceptible_comparator_group_definition"
509,"95%CI_5 Susceptible_comparator_group_value"
510,"95%CI_5 Total"
511,"Number_6 Variable_description"
512,"Number_6 Resistant_group_definition"
513,"Number_6 Resistant_group_value"
514,"Number_6 Susceptible_comparator_group_definition"
515,"Number_6 Susceptible_comparator_group_value"
516,"Number_6 Total"
517,"Number_6 p-value"
518,"Number_6 note"
519,"Proportion_6 Variable_description"
520,"Proportion_6 Resistant_group_definition"
521,"Proportion_6 Resistant_group_value"
522,"Proportion_6 Susceptible_comparator_group_definition"
523,"Proportion_6 Susceptible_comparator_group_value"
524,"Proportion_6 Total"
525,"Proportion_6 p-value"
526,"Proportion_6 note"
527,"Number_7 Variable_description"
528,"Number_7 Resistant_group_definition"
529,"Number_7 Resistant_group_value"
530,"Number_7 Susceptible_comparator_group_definition"
531,"Number_7 Susceptible_comparator_group_value"
532,"Number_7 Total"
533,"Number_7 p-value"
534,"Number_7 note"
535,"Proportion_7 Variable_description"
536,"Proportion_7 Resistant_group_definition"
537,"Proportion_7 Resistant_group_value"
538,"Proportion_7 Susceptible_comparator_group_definition"
539,"Proportion_7 Susceptible_comparator_group_value"
540,"Proportion_7 Total"
541,"Proportion_7 p-value"
542,"Proportion_7 note"
543,"95%CI_7 Variable_description"
544,"95%CI_7 p-value"
545,"95%CI_7 note"
546,"Number_8 Variable_description"
547,"Number_8 Resistant_group_definition"
548,"Number_8 Resistant_group_value"
549,"Number_8 Susceptible_comparator_group_definition"
550,"Number_8 Susceptible_comparator_group_value"
551,"Number_8 Total"
552,"Number_8 p-value"
553,"Number_8 note"
554,"Proportion_8 Variable_description"
555,"Proportion_8 Resistant_group_definition"
556,"Proportion_8 Resistant_group_value"
557,"Proportion_8 Susceptible_comparator_group_definition"
558,"Proportion_8 Susceptible_comparator_group_value"
559,"Proportion_8 Total"
560,"Proportion_8 p-value"
561,"Proportion_8 note"
562,"Number_9 Variable_description"
563,"Number_9 Resistant_group_definition"
564,"Number_9 Resistant_group_value"
565,"Number_9 Susceptible_comparator_group_definition"
566,"Number_9 Susceptible_comparator_group_value"
567,"Number_9 Total"
568,"Number_9 p-value"
569,"Number_9 note"
570,"Proportion_9 Variable_description"
571,"Proportion_9 Resistant_group_definition"
572,"Proportion_9 Resistant_group_value"
573,"Proportion_9 Susceptible_comparator_group_definition"
574,"Proportion_9 Susceptible_comparator_group_value"
575,"Proportion_9 Total"
576,"Proportion_9 p-value"
577,"Proportion_9 note"
578,"Number_10 Variable_description"
579,"Number_10 Resistant_group_definition"
580,"Number_10 Resistant_group_value"
581,"Number_10 Susceptible_comparator_group_definition"
582,"Number_10 Susceptible_comparator_group_value"
583,"Number_10 Total"
584,"Number_10 p-value"
585,"Number_10 note"
586,"Proportion_10 Variable_description"
587,"Proportion_10 Resistant_group_definition"
588,"Proportion_10 Resistant_group_value"
589,"Proportion_10 Susceptible_comparator_group_definition"
590,"Proportion_10 Susceptible_comparator_group_value"
591,"Proportion_10 Total"
592,"Proportion_10 p-value"
593,"Proportion_10 note"
594,"Number_11 Variable_description"
595,"Number_11 Resistant_group_definition"
596,"Number_11 Resistant_group_value"
597,"Number_11 Susceptible_comparator_group_definition"
598,"Number_11 Susceptible_comparator_group_value"
599,"Number_11 Total"
600,"Number_11 p-value"
601,"Number_11 note"
602,"Proportion_11 Variable_description"
603,"Proportion_11 Resistant_group_definition"
604,"Proportion_11 Resistant_group_value"
605,"Proportion_11 Susceptible_comparator_group_definition"
606,"Proportion_11 Susceptible_comparator_group_value"
607,"Proportion_11 Total"
608,"Proportion_11 p-value"
609,"Proportion_11 note"
610,"Number_12 Variable_description"
611,"Number_12 Resistant_group_definition"
612,"Number_12 Resistant_group_value"
613,"Number_12 Susceptible_comparator_group_definition"
614,"Number_12 Susceptible_comparator_group_value"
615,"Number_12 Total"
616,"Number_12 p-value"
617,"Number_12 note"
618,"Proportion_12 Variable_description"
619,"Proportion_12 Resistant_group_definition"
620,"Proportion_12 Resistant_group_value"
621,"Proportion_12 Susceptible_comparator_group_definition"
622,"Proportion_12 Susceptible_comparator_group_value"
623,"Proportion_12 Total"
624,"Proportion_12 p-value"
625,"Proportion_12 note"
626,"Number_13 Variable_description"
627,"Number_13 Resistant_group_definition"
628,"Number_13 Resistant_group_value"
629,"Number_13 Susceptible_comparator_group_definition"
630,"Number_13 Susceptible_comparator_group_value"
631,"Number_13 Total"
632,"Number_13 p-value"
633,"Number_13 note"
634,"Proportion_13 Variable_description"
635,"Proportion_13 Resistant_group_definition"
636,"Proportion_13 Resistant_group_value"
637,"Proportion_13 Susceptible_comparator_group_definition"
638,"Proportion_13 Susceptible_comparator_group_value"
639,"Proportion_13 Total"
640,"Proportion_13 note"
641,"Number_14 Variable_description"
642,"Number_14 Resistant_group_definition"
643,"Number_14 Resistant_group_value"
644,"Number_14 Susceptible_comparator_group_definition"
645,"Number_14 Susceptible_comparator_group_value"
646,"Number_14 Total"
647,"Number_14 p-value"
648,"Number_14 note"
649,"Proportion_14 Variable_description"
650,"Proportion_14 Resistant_group_definition"
651,"Proportion_14 Resistant_group_value"
652,"Proportion_14 Susceptible_comparator_group_definition"
653,"Proportion_14 Susceptible_comparator_group_value"
654,"Proportion_14 Total"
655,"Proportion_14 p-value"
656,"Proportion_14 note"
657,"Number_15 Variable_description"
658,"Number_15 Resistant_group_definition"
659,"Number_15 Resistant_group_value"
660,"Number_15 Susceptible_comparator_group_definition"
661,"Number_15 Susceptible_comparator_group_value"
662,"Number_15 Total"
663,"Number_15 p-value"
664,"Number_15 note"
665,"Proportion_15 Variable_description"
666,"Proportion_15 Resistant_group_definition"
667,"Proportion_15 Resistant_group_value"
668,"Proportion_15 Susceptible_comparator_group_definition"
669,"Proportion_15 Susceptible_comparator_group_value"
670,"Proportion_15 Total"
671,"Proportion_15 p-value"
672,"Proportion_15 note"
673,"Number_16 Variable_description"
674,"Number_16 Resistant_group_definition"
675,"Number_16 Resistant_group_value"
676,"Number_16 Susceptible_comparator_group_definition"
677,"Number_16 Susceptible_comparator_group_value"
678,"Number_16 Total"
679,"Number_16 p-value"
680,"Number_16 note"
681,"Proportion_16 Variable_description"
682,"Proportion_16 Resistant_group_definition"
683,"Proportion_16 Resistant_group_value"
684,"Proportion_16 Susceptible_comparator_group_definition"
685,"Proportion_16 Susceptible_comparator_group_value"
686,"Proportion_16 Total"
687,"Proportion_16 p-value"
688,"Proportion_16 note"
689,"Number_17 Variable_description"
690,"Number_17 Resistant_group_definition"
691,"Number_17 Resistant_group_value"
692,"Number_17 Susceptible_comparator_group_definition"
693,"Number_17 Susceptible_comparator_group_value"
694,"Number_17 Total"
695,"Number_17 p-value"
696,"Number_17 note"
697,"Proportion_17 Variable_description"
698,"Proportion_17 Resistant_group_definition"
699,"Proportion_17 Resistant_group_value"
700,"Proportion_17 Susceptible_comparator_group_definition"
701,"Proportion_17 Susceptible_comparator_group_value"
702,"Proportion_17 Total"
703,"Proportion_17 p-value"
704,"Proportion_17 note"
705,"Number_18 Variable_description"
706,"Number_18 Resistant_group_definition"
707,"Number_18 Resistant_group_value"
708,"Number_18 Susceptible_comparator_group_definition"
709,"Number_18 Susceptible_comparator_group_value"
710,"Number_18 Total"
711,"Number_18 p-value"
712,"Number_18 note"
713,"Proportion_18 Variable_description"
714,"Proportion_18 Resistant_group_definition"
715,"Proportion_18 Resistant_group_value"
716,"Proportion_18 Susceptible_comparator_group_definition"
717,"Proportion_18 Susceptible_comparator_group_value"
718,"Proportion_18 Total"
719,"Proportion_18 p-value"
720,"Number_19 Variable_description"
721,"Number_19 Resistant_group_definition"
722,"Number_19 Resistant_group_value"
723,"Number_19 Susceptible_comparator_group_definition"
724,"Number_19 Susceptible_comparator_group_value"
725,"Number_19 Total"
726,"Number_19 p-value"
727,"Number_19 note"
728,"Proportion_19 Variable_description"
729,"Proportion_19 Resistant_group_definition"
730,"Proportion_19 Resistant_group_value"
731,"Proportion_19 Susceptible_comparator_group_definition"
732,"Proportion_19 Susceptible_comparator_group_value"
733,"Proportion_19 Total"
734,"Proportion_19 p-value"
735,"Number_20 Variable_description"
736,"Number_20 Resistant_group_definition"
737,"Number_20 Resistant_group_value"
738,"Number_20 Susceptible_comparator_group_definition"
739,"Number_20 Susceptible_comparator_group_value"
740,"Number_20 Total"
741,"Number_20 p-value"
742,"Number_20 note"
743,"Proportion_20 Variable_description"
744,"Proportion_20 Resistant_group_definition"
745,"Proportion_20 Resistant_group_value"
746,"Proportion_20 Susceptible_comparator_group_definition"
747,"Proportion_20 Susceptible_comparator_group_value"
748,"Proportion_20 Total"
749,"Proportion_20 p-value"
750,"Number_21 Variable_description"
751,"Number_21 Resistant_group_definition"
752,"Number_21 Resistant_group_value"
753,"Number_21 Susceptible_comparator_group_definition"
754,"Number_21 Susceptible_comparator_group_value"
755,"Number_21 Total"
756,"Number_21 p-value"
757,"Number_21 note"
758,"Proportion_21 Variable_description"
759,"Proportion_21 Resistant_group_definition"
760,"Proportion_21 Resistant_group_value"
761,"Proportion_21 Susceptible_comparator_group_definition"
762,"Proportion_21 Susceptible_comparator_group_value"
763,"Proportion_21 Total"
764,"Number_22 Variable_description"
765,"Number_22 Resistant_group_definition"
766,"Number_22 Resistant_group_value"
767,"Number_22 Susceptible_comparator_group_definition"
768,"Number_22 Susceptible_comparator_group_value"
769,"Number_22 Total"
770,"Number_22 p-value"
771,"Number_22 note"
772,"Proportion_22 Variable_description"
773,"Proportion_22 Resistant_group_definition"
774,"Proportion_22 Resistant_group_value"
775,"Proportion_22 Susceptible_comparator_group_definition"
776,"Proportion_22 Susceptible_comparator_group_value"
777,"Proportion_22 Total"
778,"Number_23 Variable_description"
779,"Number_23 Resistant_group_definition"
780,"Number_23 Resistant_group_value"
781,"Number_23 Susceptible_comparator_group_definition"
782,"Number_23 Susceptible_comparator_group_value"
783,"Number_23 Total"
784,"Number_23 p-value"
785,"Number_23 note"
786,"Proportion_23 Variable_description"
787,"Proportion_23 Resistant_group_definition"
788,"Proportion_23 Resistant_group_value"
789,"Proportion_23 Susceptible_comparator_group_definition"
790,"Proportion_23 Susceptible_comparator_group_value"
791,"Proportion_23 Total"
792,"Number_24 Variable_description"
793,"Number_24 Resistant_group_definition"
794,"Number_24 Resistant_group_value"
795,"Number_24 Susceptible_comparator_group_definition"
796,"Number_24 Susceptible_comparator_group_value"
797,"Number_24 Total"
798,"Number_24 p-value"
799,"Number_24 note"
800,"Proportion_24 Variable_description"
801,"Proportion_24 Resistant_group_definition"
802,"Proportion_24 Resistant_group_value"
803,"Proportion_24 Susceptible_comparator_group_definition"
804,"Proportion_24 Susceptible_comparator_group_value"
805,"Proportion_24 Total"
806,"Number_25 Variable_description"
807,"Number_25 Resistant_group_definition"
808,"Number_25 Resistant_group_value"
809,"Number_25 Susceptible_comparator_group_definition"
810,"Number_25 Susceptible_comparator_group_value"
811,"Number_25 Total"
812,"Number_25 p-value"
813,"Number_25 note"
814,"Proportion_25 Variable_description"
815,"Proportion_25 Resistant_group_definition"
816,"Proportion_25 Resistant_group_value"
817,"Proportion_25 Susceptible_comparator_group_definition"
818,"Proportion_25 Susceptible_comparator_group_value"
819,"Proportion_25 Total"
820,"Number_26 Variable_description"
821,"Number_26 Resistant_group_definition"
822,"Number_26 Resistant_group_value"
823,"Number_26 Susceptible_comparator_group_definition"
824,"Number_26 Susceptible_comparator_group_value"
825,"Number_26 Total"
826,"Number_26 p-value"
827,"Number_26 note"
828,"Proportion_26 Variable_description"
829,"Proportion_26 Resistant_group_definition"
830,"Proportion_26 Resistant_group_value"
831,"Proportion_26 Susceptible_comparator_group_definition"
832,"Proportion_26 Susceptible_comparator_group_value"
833,"Proportion_26 Total"
834,"Number_27 Variable_description"
835,"Number_27 Resistant_group_definition"
836,"Number_27 Resistant_group_value"
837,"Number_27 Susceptible_comparator_group_definition"
838,"Number_27 Susceptible_comparator_group_value"
839,"Number_27 Total"
840,"Number_27 p-value"
841,"Number_27 note"
842,"Proportion_27 Variable_description"
843,"Proportion_27 Resistant_group_definition"
844,"Proportion_27 Resistant_group_value"
845,"Proportion_27 Susceptible_comparator_group_definition"
846,"Proportion_27 Susceptible_comparator_group_value"
847,"Proportion_27 Total"
848,"Number_28 Variable_description"
849,"Number_28 Resistant_group_definition"
850,"Number_28 Resistant_group_value"
851,"Number_28 Susceptible_comparator_group_definition"
852,"Number_28 Susceptible_comparator_group_value"
853,"Number_28 Total"
854,"Number_28 p-value"
855,"Number_28 note"
856,"Proportion_28 Variable_description"
857,"Proportion_28 Resistant_group_definition"
858,"Proportion_28 Resistant_group_value"
859,"Proportion_28 Susceptible_comparator_group_definition"
860,"Proportion_28 Susceptible_comparator_group_value"
861,"Proportion_28 Total"
862,"Number_29 Variable_description"
863,"Number_29 Resistant_group_definition"
864,"Number_29 Resistant_group_value"
865,"Number_29 Susceptible_comparator_group_definition"
866,"Number_29 Susceptible_comparator_group_value"
867,"Number_29 Total"
868,"Number_29 p-value"
869,"Number_29 note"
870,"Proportion_29 Variable_description"
871,"Proportion_29 Resistant_group_definition"
872,"Proportion_29 Resistant_group_value"
873,"Proportion_29 Susceptible_comparator_group_definition"
874,"Proportion_29 Susceptible_comparator_group_value"
875,"Proportion_29 Total"
876,"Number_30 Variable_description"
877,"Number_30 Resistant_group_definition"
878,"Number_30 Resistant_group_value"
879,"Number_30 Susceptible_comparator_group_definition"
880,"Number_30 Susceptible_comparator_group_value"
881,"Number_30 Total"
882,"Number_30 p-value"
883,"Number_30 note"
884,"Proportion_30 Variable_description"
885,"Proportion_30 Resistant_group_definition"
886,"Proportion_30 Resistant_group_value"
887,"Proportion_30 Susceptible_comparator_group_definition"
888,"Proportion_30 Susceptible_comparator_group_value"
889,"Proportion_30 Total"
890,"Proportion_30 p-value"
891,"Proportion_30 note"
892,"Number_31 Variable_description"
893,"Number_31 Resistant_group_definition"
894,"Number_31 Resistant_group_value"
895,"Number_31 Susceptible_comparator_group_definition"
896,"Number_31 Susceptible_comparator_group_value"
897,"Number_31 Total"
898,"Number_31 p-value"
899,"Number_31 note"
900,"Proportion_31 Variable_description"
901,"Proportion_31 Resistant_group_definition"
902,"Proportion_31 Resistant_group_value"
903,"Proportion_31 Susceptible_comparator_group_definition"
904,"Proportion_31 Susceptible_comparator_group_value"
905,"Proportion_31 Total"
906,"Number_32 Variable_description"
907,"Number_32 Resistant_group_definition"
908,"Number_32 Resistant_group_value"
909,"Number_32 Susceptible_comparator_group_definition"
910,"Number_32 Susceptible_comparator_group_value"
911,"Number_32 Total"
912,"Number_32 p-value"
913,"Number_32 note"
914,"Proportion_32 Variable_description"
915,"Proportion_32 Resistant_group_definition"
916,"Proportion_32 Resistant_group_value"
917,"Proportion_32 Susceptible_comparator_group_definition"
918,"Proportion_32 Susceptible_comparator_group_value"
919,"Proportion_32 Total"
920,"Number_33 Variable_description"
921,"Number_33 Resistant_group_definition"
922,"Number_33 Resistant_group_value"
923,"Number_33 Susceptible_comparator_group_definition"
924,"Number_33 Susceptible_comparator_group_value"
925,"Number_33 Total"
926,"Number_33 p-value"
927,"Number_33 note"
928,"Proportion_33 Variable_description"
929,"Proportion_33 Resistant_group_definition"
930,"Proportion_33 Resistant_group_value"
931,"Proportion_33 Susceptible_comparator_group_definition"
932,"Proportion_33 Susceptible_comparator_group_value"
933,"Proportion_33 Total"
934,"Number_34 Variable_description"
935,"Number_34 Resistant_group_definition"
936,"Number_34 Resistant_group_value"
937,"Number_34 Susceptible_comparator_group_definition"
938,"Number_34 Susceptible_comparator_group_value"
939,"Number_34 Total"
940,"Number_34 p-value"
941,"Number_34 note"
942,"Proportion_34 Variable_description"
943,"Proportion_34 Resistant_group_definition"
944,"Proportion_34 Resistant_group_value"
945,"Proportion_34 Susceptible_comparator_group_definition"
946,"Proportion_34 Susceptible_comparator_group_value"
947,"Proportion_34 Total"
948,"Number_35 Variable_description"
949,"Number_35 Resistant_group_definition"
950,"Number_35 Resistant_group_value"
951,"Number_35 Susceptible_comparator_group_definition"
952,"Number_35 Susceptible_comparator_group_value"
953,"Number_35 Total"
954,"Number_35 p-value"
955,"Number_35 note"
956,"Proportion_35 Variable_description"
957,"Proportion_35 Resistant_group_definition"
958,"Proportion_35 Resistant_group_value"
959,"Proportion_35 Susceptible_comparator_group_definition"
960,"Proportion_35 Susceptible_comparator_group_value"
961,"Proportion_35 Total"
962,"Number_36 Variable_description"
963,"Number_36 Resistant_group_definition"
964,"Number_36 Resistant_group_value"
965,"Number_36 Susceptible_comparator_group_definition"
966,"Number_36 Susceptible_comparator_group_value"
967,"Number_36 Total"
968,"Number_36 p-value"
969,"Number_36 note"
970,"Proportion_36 Variable_description"
971,"Proportion_36 Resistant_group_definition"
972,"Proportion_36 Resistant_group_value"
973,"Proportion_36 Susceptible_comparator_group_definition"
974,"Proportion_36 Susceptible_comparator_group_value"
975,"Proportion_36 Total"
976,"Number_37 Variable_description"
977,"Number_37 Resistant_group_definition"
978,"Number_37 Resistant_group_value"
979,"Number_37 Susceptible_comparator_group_definition"
980,"Number_37 Susceptible_comparator_group_value"
981,"Number_37 Total"
982,"Number_37 p-value"
983,"Number_37 note"
984,"Proportion_37 Variable_description"
985,"Proportion_37 Resistant_group_definition"
986,"Proportion_37 Resistant_group_value"
987,"Proportion_37 Susceptible_comparator_group_definition"
988,"Proportion_37 Susceptible_comparator_group_value"
989,"Proportion_37 Total"
990,"Number_38 Variable_description"
991,"Number_38 Resistant_group_definition"
992,"Number_38 Resistant_group_value"
993,"Number_38 Susceptible_comparator_group_definition"
994,"Number_38 Susceptible_comparator_group_value"
995,"Number_38 p-value"
996,"Number_38 note"
997,"Proportion_38 Variable_description"
998,"Proportion_38 Resistant_group_definition"
999,"Proportion_38 Resistant_group_value"
1000,"Proportion_38 Susceptible_comparator_group_definition"
1001,"Proportion_38 Susceptible_comparator_group_value"
1002,"General notes - if any...1464"
1003,"General notes - if any...1465"
1004,"Dependent variable...1466"
1005,"Predictor_1 Definition...1468"
1006,"Predictor_1 Reference_category...1469"
1007,"Predictor_1 Effect_measure_type...1470"
1008,"Predictor_1 Effect_measure_value_strength...1471"
1009,"Predictor_1 Effect_measure_95%CI...1472"
1010,"Predictor_1 Effect_measure_p-value...1473"
1011,"Predictor_1 Notes...1474"
1012,"Predictor_2 Definition...1475"
1013,"Predictor_2 Reference_category...1476"
1014,"Predictor_2 Effect_measure_type...1477"
1015,"Predictor_2 Effect_measure_value_strength...1478"
1016,"Predictor_2 Effect_measure_95%CI...1479"
1017,"Predictor_2 Effect_measure_p-value...1480"
1018,"Predictor_2 Notes...1481"
1019,"Predictor_3 Definition...1482"
1020,"Predictor_3 Reference_category...1483"
1021,"Predictor_3 Effect_measure_type...1484"
1022,"Predictor_3 Effect_measure_value_strength...1485"
1023,"Predictor_3 Effect_measure_95%CI...1486"
1024,"Predictor_3 Effect_measure_p-value...1487"
1025,"Predictor_3 Notes...1488"
1026,"Predictor_4 Definition...1489"
1027,"Predictor_4 Reference_category...1490"
1028,"Predictor_4 Effect_measure_type...1491"
1029,"Predictor_4 Effect_measure_value_strength...1492"
1030,"Predictor_4 Effect_measure_95%CI...1493"
1031,"Predictor_4 Effect_measure_p-value...1494"
1032,"Predictor_4 Notes...1495"
1033,"Predictor_5 Definition...1496"
1034,"Predictor_5 Reference_category...1497"
1035,"Predictor_5 Effect_measure_type...1498"
1036,"Predictor_5 Effect_measure_value_strength...1499"
1037,"Predictor_5 Effect_measure_95%CI...1500"
1038,"Predictor_5 Effect_measure_p-value...1501"
1039,"Predictor_5 Notes...1502"
1040,"Predictor_6 Definition...1503"
1041,"Predictor_6 Reference_category...1504"
1042,"Predictor_6 Effect_measure_type...1505"
1043,"Predictor_6 Effect_measure_value_strength...1506"
1044,"Predictor_6 Effect_measure_95%CI...1507"
1045,"Predictor_6 Effect_measure_p-value...1508"
1046,"Predictor_6 Notes...1509"
1047,"Predictor_7 Definition...1510"
1048,"Predictor_7 Reference_category...1511"
1049,"Predictor_7 Effect_measure_type...1512"
1050,"Predictor_7 Effect_measure_value_strength...1513"
1051,"Predictor_7 Effect_measure_95%CI...1514"
1052,"Predictor_7 Effect_measure_p-value...1515"
1053,"Predictor_7 Notes...1516"
1054,"Predictor_8 Definition...1517"
1055,"Predictor_8 Reference_category...1518"
1056,"Predictor_8 Effect_measure_type...1519"
1057,"Predictor_8 Effect_measure_value_strength...1520"
1058,"Predictor_8 Effect_measure_95%CI...1521"
1059,"Predictor_8 Effect_measure_p-value...1522"
1060,"Predictor_8 Notes...1523"
1061,"Predictor_9 Definition...1524"
1062,"Predictor_9 Reference_category...1525"
1063,"Predictor_9 Effect_measure_type...1526"
1064,"Predictor_9 Effect_measure_value_strength...1527"
1065,"Predictor_9 Effect_measure_95%CI...1528"
1066,"Predictor_9 Effect_measure_p-value...1529"
1067,"Predictor_9 Notes...1530"
1068,"Predictor_10 Definition...1531"
1069,"Predictor_10 Reference_category...1532"
1070,"Predictor_10 Effect_measure_type...1533"
1071,"Predictor_10 Effect_measure_value_strength...1534"
1072,"Predictor_10 Effect_measure_95%CI...1535"
1073,"Predictor_10 Effect_measure_p-value...1536"
1074,"Predictor_10 Notes...1537"
1075,"Predictor_11 Definition...1538"
1076,"Predictor_11 Reference_category...1539"
1077,"Predictor_11 Effect_measure_type...1540"
1078,"Predictor_11 Effect_measure_value_strength...1541"
1079,"Predictor_11 Effect_measure_95%CI...1542"
1080,"Predictor_11 Effect_measure_p-value...1543"
1081,"Predictor_11 Notes...1544"
1082,"Predictor_12 Definition...1545"
1083,"Predictor_12 Reference_category...1546"
1084,"Predictor_12 Effect_measure_type...1547"
1085,"Predictor_12 Effect_measure_value_strength...1548"
1086,"Predictor_12 Effect_measure_95%CI...1549"
1087,"Predictor_12 Effect_measure_p-value...1550"
1088,"Predictor_12 Notes...1551"
1089,"Predictor_13 Definition...1552"
1090,"Predictor_13 Reference_category...1553"
1091,"Predictor_13 Effect_measure_type...1554"
1092,"Predictor_13 Effect_measure_value_strength...1555"
1093,"Predictor_13 Effect_measure_95%CI...1556"
1094,"Predictor_13 Effect_measure_p-value...1557"
1095,"Predictor_13 Notes...1558"
1096,"Predictor_14 Definition...1559"
1097,"Predictor_14 Reference_category...1560"
1098,"Predictor_14 Effect_measure_type...1561"
1099,"Predictor_14 Effect_measure_value_strength...1562"
1100,"Predictor_14 Effect_measure_95%CI...1563"
1101,"Predictor_14 Effect_measure_p-value...1564"
1102,"Predictor_14 Notes...1565"
1103,"Predictor_15 Definition...1566"
1104,"Predictor_15 Reference_category...1567"
1105,"Predictor_15 Effect_measure_type...1568"
1106,"Predictor_15 Effect_measure_value_strength...1569"
1107,"Predictor_15 Effect_measure_95%CI...1570"
1108,"Predictor_15 Effect_measure_p-value...1571"
1109,"Predictor_15 Notes...1572"
1110,"Predictor_16 Definition...1574"
1111,"Predictor_16 Reference_category...1575"
1112,"Predictor_16 Effect_measure_type...1576"
1113,"Predictor_16 Effect_measure_value_strength...1577"
1114,"Predictor_16 Effect_measure_95%CI...1578"
1115,"Predictor_16 Effect_measure_p-value...1579"
1116,"Predictor_16 Notes...1580"
1117,"Predictor_17 Definition...1581"
1118,"Predictor_17 Reference_category...1582"
1119,"Predictor_17 Effect_measure_type...1583"
1120,"Predictor_17 Effect_measure_value_strength...1584"
1121,"Predictor_17 Effect_measure_95%CI...1585"
1122,"Predictor_17 Effect_measure_p-value...1586"
1123,"Predictor_17 Notes...1587"
1124,"Predictor_18 Definition...1588"
1125,"Predictor_18 Reference_category...1589"
1126,"Predictor_18 Effect_measure_type...1590"
1127,"Predictor_18 Effect_measure_value_strength...1591"
1128,"Predictor_18 Effect_measure_95%CI...1592"
1129,"Predictor_18 Effect_measure_p-value...1593"
1130,"Predictor_18 Notes...1594"
1131,"Predictor_19 Definition...1595"
1132,"Predictor_19 Reference_category...1596"
1133,"Predictor_19 Effect_measure_type...1597"
1134,"Predictor_19 Effect_measure_value_strength...1598"
1135,"Predictor_19 Effect_measure_95%CI...1599"
1136,"Predictor_19 Effect_measure_p-value...1600"
1137,"Predictor_19 Notes...1601"
1138,"Predictor_20 Definition...1602"
1139,"Predictor_20 Reference_category...1603"
1140,"Predictor_20 Effect_measure_type...1604"
1141,"Predictor_20 Effect_measure_value_strength...1605"
1142,"Predictor_20 Effect_measure_95%CI...1606"
1143,"Predictor_20 Effect_measure_p-value...1607"
1144,"Predictor_20 Notes...1608"
1145,"Predictor_21 Definition...1609"
1146,"Predictor_21 Reference_category...1610"
1147,"Predictor_21 Effect_measure_type...1611"
1148,"Predictor_21 Effect_measure_value_strength...1612"
1149,"Predictor_21 Effect_measure_95%CI...1613"
1150,"Predictor_21 Effect_measure_p-value...1614"
1151,"Predictor_21 Notes...1615"
1152,"Predictor_22 Definition...1616"
1153,"Predictor_22 Reference_category...1617"
1154,"Predictor_22 Effect_measure_type...1618"
1155,"Predictor_22 Effect_measure_value_strength...1619"
1156,"Predictor_22 Effect_measure_95%CI...1620"
1157,"Predictor_22 Effect_measure_p-value...1621"
1158,"Predictor_22 Notes...1622"
1159,"Predictor_23 Definition"
1160,"Predictor_23 Reference_category"
1161,"Predictor_23 Effect_measure_type"
1162,"Predictor_23 Effect_measure_value_strength"
1163,"Predictor_23 Effect_measure_95%CI"
1164,"Predictor_23 Effect_measure_p-value"
1165,"Predictor_23 Notes"
1166,"Predictor_24 Definition"
1167,"Predictor_24 Effect_measure_type"
1168,"Predictor_24 Effect_measure_value_strength"
1169,"Predictor_24 Effect_measure_95%CI"
1170,"Predictor_24 Effect_measure_p-value"
1171,"Predictor_24 Notes"
1172,"Predictor_25 Definition"
1173,"Predictor_25 Effect_measure_type"
1174,"Predictor_25 Effect_measure_value_strength"
1175,"Predictor_25 Effect_measure_95%CI"
1176,"Predictor_25 Effect_measure_p-value"
1177,"Predictor_25 Notes"
1178,"Predictor_26 Definition"
1179,"Predictor_26 Effect_measure_type"
1180,"Predictor_26 Effect_measure_value_strength"
1181,"Predictor_26 Effect_measure_95%CI"
1182,"Predictor_26 Effect_measure_p-value"
1183,"Predictor_26 Notes"
1184,"Predictor_27 Definition"
1185,"Predictor_27 Effect_measure_type"
1186,"Predictor_27 Effect_measure_value_strength"
1187,"Predictor_27 Effect_measure_95%CI"
1188,"Predictor_27 Effect_measure_p-value"
1189,"Predictor_27 Notes"
1190,"Predictor_28 Definition"
1191,"Predictor_28 Effect_measure_type"
1192,"Predictor_28 Effect_measure_value_strength"
1193,"Predictor_28 Effect_measure_95%CI"
1194,"Predictor_28 Effect_measure_p-value"
1195,"Predictor_29 Definition"
1196,"Predictor_29 Effect_measure_type"
1197,"Predictor_29 Effect_measure_value_strength"
1198,"Predictor_29 Effect_measure_95%CI"
1199,"Predictor_29 Effect_measure_p-value"
1200,"Predictor_30 Definition"
1201,"Predictor_30 Reference_category"
1202,"Predictor_30 Effect_measure_type"
1203,"Predictor_30 Effect_measure_value_strength"
1204,"Predictor_30 Effect_measure_95%CI"
1205,"Predictor_30 Effect_measure_p-value"
1206,"Predictor_31 Definition"
1207,"Predictor_31 Reference_category"
1208,"Predictor_31 Effect_measure_type"
1209,"Predictor_31 Effect_measure_value_strength"
1210,"Predictor_31 Effect_measure_95%CI"
1211,"Predictor_31 Effect_measure_p-value"
1212,"Predictor_32 Definition"
1213,"Predictor_32 Reference_category"
1214,"Predictor_32 Effect_measure_type"
1215,"Predictor_32 Effect_measure_value_strength"
1216,"Predictor_32 Effect_measure_95%CI"
1217,"Predictor_32 Effect_measure_p-value"
1218,"General notes - if any...1714"
1219,"Dependent variable...1715"
1220,"Predictor_1 Definition...1717"
1221,"Predictor_1 Reference_category...1718"
1222,"Predictor_1 Effect_measure_type...1719"
1223,"Predictor_1 Effect_measure_value_strength...1720"
1224,"Predictor_1 Effect_measure_95%CI...1721"
1225,"Predictor_1 Effect_measure_p-value...1722"
1226,"Predictor_1 Notes...1723"
1227,"Predictor_2 Definition...1724"
1228,"Predictor_2 Reference_category...1725"
1229,"Predictor_2 Effect_measure_type...1726"
1230,"Predictor_2 Effect_measure_value_strength...1727"
1231,"Predictor_2 Effect_measure_95%CI...1728"
1232,"Predictor_2 Effect_measure_p-value...1729"
1233,"Predictor_2 Notes...1730"
1234,"Predictor_3 Definition...1731"
1235,"Predictor_3 Reference_category...1732"
1236,"Predictor_3 Effect_measure_type...1733"
1237,"Predictor_3 Effect_measure_value_strength...1734"
1238,"Predictor_3 Effect_measure_95%CI...1735"
1239,"Predictor_3 Effect_measure_p-value...1736"
1240,"Predictor_3 Notes...1737"
1241,"Predictor_4 Definition...1738"
1242,"Predictor_4 Reference_category...1739"
1243,"Predictor_4 Effect_measure_type...1740"
1244,"Predictor_4 Effect_measure_value_strength...1741"
1245,"Predictor_4 Effect_measure_95%CI...1742"
1246,"Predictor_4 Effect_measure_p-value...1743"
1247,"Predictor_4 Notes...1744"
1248,"Predictor_5 Definition...1745"
1249,"Predictor_5 Reference_category...1746"
1250,"Predictor_5 Effect_measure_type...1747"
1251,"Predictor_5 Effect_measure_value_strength...1748"
1252,"Predictor_5 Effect_measure_95%CI...1749"
1253,"Predictor_5 Effect_measure_p-value...1750"
1254,"Predictor_5 Notes...1751"
1255,"Predictor_6 Definition...1752"
1256,"Predictor_6 Reference_category...1753"
1257,"Predictor_6 Effect_measure_type...1754"
1258,"Predictor_6 Effect_measure_value_strength...1755"
1259,"Predictor_6 Effect_measure_95%CI...1756"
1260,"Predictor_6 Effect_measure_p-value...1757"
1261,"Predictor_6 Notes...1758"
1262,"Predictor_7 Definition...1759"
1263,"Predictor_7 Reference_category...1760"
1264,"Predictor_7 Effect_measure_type...1761"
1265,"Predictor_7 Effect_measure_value_strength...1762"
1266,"Predictor_7 Effect_measure_95%CI...1763"
1267,"Predictor_7 Effect_measure_p-value...1764"
1268,"Predictor_7 Notes...1765"
1269,"Predictor_8 Definition...1766"
1270,"Predictor_8 Reference_category...1767"
1271,"Predictor_8 Effect_measure_type...1768"
1272,"Predictor_8 Effect_measure_value_strength...1769"
1273,"Predictor_8 Effect_measure_95%CI...1770"
1274,"Predictor_8 Effect_measure_p-value...1771"
1275,"Predictor_8 Notes...1772"
1276,"Predictor_9 Definition...1773"
1277,"Predictor_9 Reference_category...1774"
1278,"Predictor_9 Effect_measure_type...1775"
1279,"Predictor_9 Effect_measure_value_strength...1776"
1280,"Predictor_9 Effect_measure_95%CI...1777"
1281,"Predictor_9 Effect_measure_p-value...1778"
1282,"Predictor_9 Notes...1779"
1283,"Predictor_10 Definition...1780"
1284,"Predictor_10 Reference_category...1781"
1285,"Predictor_10 Effect_measure_type...1782"
1286,"Predictor_10 Effect_measure_value_strength...1783"
1287,"Predictor_10 Effect_measure_95%CI...1784"
1288,"Predictor_10 Effect_measure_p-value...1785"
1289,"Predictor_10 Notes...1786"
1290,"Predictor_11 Definition...1787"
1291,"Predictor_11 Reference_category...1788"
1292,"Predictor_11 Effect_measure_type...1789"
1293,"Predictor_11 Effect_measure_value_strength...1790"
1294,"Predictor_11 Effect_measure_95%CI...1791"
1295,"Predictor_11 Effect_measure_p-value...1792"
1296,"Predictor_11 Notes...1793"
1297,"Predictor_12 Definition...1794"
1298,"Predictor_12 Reference_category...1795"
1299,"Predictor_12 Effect_measure_type...1796"
1300,"Predictor_12 Effect_measure_value_strength...1797"
1301,"Predictor_12 Effect_measure_95%CI...1798"
1302,"Predictor_12 Effect_measure_p-value...1799"
1303,"Predictor_12 Notes...1800"
1304,"Predictor_13 Definition...1801"
1305,"Predictor_13 Reference_category...1802"
1306,"Predictor_13 Effect_measure_type...1803"
1307,"Predictor_13 Effect_measure_value_strength...1804"
1308,"Predictor_13 Effect_measure_95%CI...1805"
1309,"Predictor_13 Effect_measure_p-value...1806"
1310,"Predictor_13 Notes...1807"
1311,"Predictor_14 Definition...1808"
1312,"Predictor_14 Reference_category...1809"
1313,"Predictor_14 Effect_measure_type...1810"
1314,"Predictor_14 Effect_measure_value_strength...1811"
1315,"Predictor_14 Effect_measure_95%CI...1812"
1316,"Predictor_14 Effect_measure_p-value...1813"
1317,"Predictor_14 Notes...1814"
1318,"Predictor_15 Definition...1815"
1319,"Predictor_15 Reference_category...1816"
1320,"Predictor_15 Effect_measure_type...1817"
1321,"Predictor_15 Effect_measure_value_strength...1818"
1322,"Predictor_15 Effect_measure_95%CI...1819"
1323,"Predictor_15 Effect_measure_p-value...1820"
1324,"Predictor_15 Notes...1821"
1325,"Predictor_16 Definition...1822"
1326,"Predictor_16 Reference_category...1823"
1327,"Predictor_16 Effect_measure_type...1824"
1328,"Predictor_16 Effect_measure_value_strength...1825"
1329,"Predictor_16 Effect_measure_95%CI...1826"
1330,"Predictor_16 Effect_measure_p-value...1827"
1331,"Predictor_16 Notes...1828"
1332,"Predictor_17 Definition...1829"
1333,"Predictor_17 Reference_category...1830"
1334,"Predictor_17 Effect_measure_type...1831"
1335,"Predictor_17 Effect_measure_value_strength...1832"
1336,"Predictor_17 Effect_measure_95%CI...1833"
1337,"Predictor_17 Effect_measure_p-value...1834"
1338,"Predictor_17 Notes...1835"
1339,"Predictor_18 Definition...1836"
1340,"Predictor_18 Reference_category...1837"
1341,"Predictor_18 Effect_measure_type...1838"
1342,"Predictor_18 Effect_measure_value_strength...1839"
1343,"Predictor_18 Effect_measure_95%CI...1840"
1344,"Predictor_18 Effect_measure_p-value...1841"
1345,"Predictor_18 Notes...1842"
1346,"Predictor_19 Definition...1843"
1347,"Predictor_19 Reference_category...1844"
1348,"Predictor_19 Effect_measure_type...1845"
1349,"Predictor_19 Effect_measure_value_strength...1846"
1350,"Predictor_19 Effect_measure_95%CI...1847"
1351,"Predictor_19 Effect_measure_p-value...1848"
1352,"Predictor_20 Definition...1850"
1353,"Predictor_20 Reference_category...1851"
1354,"Predictor_20 Effect_measure_type...1852"
1355,"Predictor_20 Effect_measure_value_strength...1853"
1356,"Predictor_20 Effect_measure_95%CI...1854"
1357,"Predictor_20 Effect_measure_p-value...1855"
1358,"Predictor_21 Definition...1857"
1359,"Predictor_21 Reference_category...1858"
1360,"Predictor_21 Effect_measure_type...1859"
1361,"Predictor_21 Effect_measure_value_strength...1860"
1362,"Predictor_21 Effect_measure_95%CI...1861"
1363,"Predictor_21 Effect_measure_p-value...1862"
1364,"Predictor_22 Definition...1864"
1365,"Predictor_22 Reference_category...1865"
1366,"Predictor_22 Effect_measure_type...1866"
1367,"Predictor_22 Effect_measure_value_strength...1867"
1368,"Predictor_22 Effect_measure_95%CI...1868"
1369,"Predictor_22 Effect_measure_p-value...1869"
1370,"Proxy_indicator_intervention"
1371,"Intervention_thematic"
1372,"Intervention_description"
1373,"analysisdesign_simplified"
1374,"studypop"
1375,"highrisk"
1376,"incomegroup"
1377,"pub_year_cat"
1378,"facility_type"
1379,"bone_joint"
1380,"device_related"
1381,"intra_abdominal_gastrointestinal"
1382,"skin_soft_tissue"
1383,"respiratory"
1384,"urinary_tract"
1385,"primary"
1386,"unknown_unspecified_source"
1387,"surgical_site"
1388,"other_source"
1389,"bsi_source_count"
1390,"bsi_source_nb"
1391,"community_acquired_infections"
1392,"hospital_acquired_infections"
1393,"healthcare_associated_infections"
1394,"unknown_unspecified_origin"
1395,"other_origin"
1396,"infection_origin_count"
1397,"infection_origin_nb"
1398,"n_models"
1399,"model_nb"
1400,"total_resistant"
1401,"total_susceptible"
1402,"Model"
1403,"Resistant_grp_definition"
1404,"Resistant_group_tot_nb"
1405,"Susceptible_group_definition"
1406,"Susceptible_group_tot_nb"
1407,"notes"
1408,"amr"
1409,"pathogen_antibiotic_combination"
